{"cameraMode":{"drawMode":0,"name":"Shaded","section":"Shading Mode"},"sceneLighting":false,"audioPlay":false,"sceneViewState":{"m_AlwaysRefresh":false,"showFog":true,"showSkybox":false,"showFlares":true,"showImageEffects":true,"showParticleSystems":true,"showVisualEffectGraphs":true,"m_FxEnabled":false},"in2DMode":false,"pivot":{"x":23.27772331237793,"y":-12.435782432556153,"z":60.09314727783203},"rotation":{"x":0.06520699709653855,"y":-0.15633106231689454,"z":0.009983265772461892,"w":0.985731303691864},"size":0.08660177141427994,"orthographic":false}